Date,MLII (mV),V5 (mV),Heart Rate (BPM),R-R Interval (ms),"HRV (RMSSD, ms)"
2023-01-01,0.017719725562346245,-1.9569658412463664,77,779.2207792207793,18.329646561939718
2023-01-02,0.8302434820629019,-0.475034972741748,67,895.5223880597015,69.70377172651004
2023-01-03,-0.393337704373935,-0.6312666830915452,96,625.0,31.678362389579924
2023-01-04,0.7542720637128353,-0.49241275449453337,73,821.917808219178,43.79500530185413
2023-01-05,1.3397084001211828,-1.4275783628461896,63,952.3809523809524,37.72455305805421
2023-01-06,2.132079159427059,1.0187158565404042,73,821.917808219178,27.27135224581997
2023-01-07,1.0395881092457424,0.6354199942315435,88,681.8181818181819,63.303767989115
2023-01-08,-1.3202969051625706,1.0385304359135779,80,750.0,82.20576039662251
2023-01-09,0.42575116831232007,1.9534475273138812,77,779.2207792207793,55.204707223369056
2023-01-10,0.8610705064526276,-0.5217855713945174,92,652.1739130434783,42.32289900148587
2023-01-11,2.0443928392533364,2.005776141891155,76,789.4736842105264,96.94505458682318
2023-01-12,2.4054978258053774,-1.7572276412296723,86,697.6744186046511,67.62975041798884
2023-01-13,-1.9556185484302673,-0.7402439532215928,84,714.2857142857143,47.58648326006418
2023-01-14,1.7886839979358218,1.7545045369037338,94,638.2978723404256,71.73159714233492
2023-01-15,-2.3410434701987293,-1.2432704295882875,76,789.4736842105264,47.026220575622574
2023-01-16,-1.447457769658671,-2.221542569745511,80,750.0,82.36403168617103
2023-01-17,1.5798001577892675,-0.46193455684507123,86,697.6744186046511,80.73252993421069
2023-01-18,-1.8164374071678964,-1.88919591752424,93,645.1612903225806,49.3450808438252
2023-01-19,-2.1406349764116412,0.0696125631427118,61,983.6065573770492,24.07163900450041
2023-01-20,-0.7649093952291937,-1.0898722023212915,67,895.5223880597015,95.81148033795856
2023-01-21,0.8189391452194554,1.3051792003943858,93,645.1612903225806,56.34629418234999
2023-01-22,-0.3572225762922958,-0.019765453060048177,85,705.8823529411765,19.61283969315222
2023-01-23,-1.8944533610325194,2.3693390394013667,78,769.2307692307693,49.53872436129347
2023-01-24,-2.0681314008541545,2.482282390510889,93,645.1612903225806,83.15128192558052
2023-01-25,1.8184755312126066,-2.1429751787230105,72,833.3333333333334,19.574905551942454
2023-01-26,1.6509279540033255,1.9849647320810258,79,759.493670886076,25.094420886972667
2023-01-27,-1.9350623476358753,1.1339717468680721,61,983.6065573770492,55.70286015972114
2023-01-28,0.21847923679176384,2.23497954870422,76,789.4736842105264,35.39406110583502
2023-01-29,1.1452427324066328,0.960512020179145,74,810.8108108108108,84.85012445217758
2023-01-30,0.24650246424308753,-1.6085822306544646,72,833.3333333333334,82.67253744164321
2023-01-31,-1.9853840171462966,-0.37994438755402804,96,625.0,74.85663553266853
2023-02-01,-2.4336018238410984,-2.056229670406004,74,810.8108108108108,15.584536587253691
2023-02-02,-0.8592929373742753,0.04140894001035411,62,967.741935483871,74.70202196183612
2023-02-03,-0.7125738062779412,-1.4659779682590806,73,821.917808219178,31.000733038785068
2023-02-04,-0.06251389151577769,2.4766367364816535,67,895.5223880597015,21.9209436114644
2023-02-05,-1.7354906203691227,-1.3547575801457767,89,674.1573033707865,24.825440598709257
2023-02-06,2.0750558383968523,1.1175232036606002,62,967.741935483871,98.46906269338812
2023-02-07,-2.299248511478644,1.6287835881580968,70,857.1428571428571,15.175080981204491
2023-02-08,0.7688018270494315,-1.3784868134259347,83,722.8915662650602,55.94554133206836
2023-02-09,-1.3047148777150286,1.1576484852809705,97,618.5567010309278,49.93205937253596
2023-02-10,2.4856476161690315,-1.5716237713971326,85,705.8823529411765,79.69261783997379
2023-02-11,-1.352205386827141,0.31900692405963715,71,845.0704225352113,93.2118596776458
2023-02-12,1.0591639465177582,-1.7437932554802864,73,821.917808219178,89.49971591161697
2023-02-13,-2.4690594883440538,1.3188580774125458,88,681.8181818181819,81.43565792065526
2023-02-14,-0.032241671159507934,-0.15494369103823047,94,638.2978723404256,14.090258880492518
2023-02-15,-1.4272558790940004,-0.8291502380152265,99,606.060606060606,28.02574444639345
2023-02-16,-1.147498261003882,1.2523361957465768,99,606.060606060606,48.45368698033655
2023-02-17,-0.9617391121954859,0.5413972036856647,85,705.8823529411765,52.05423717232657
2023-02-18,0.033772638116208675,-0.8137268404036542,75,800.0,77.38976257265375
2023-02-19,0.2462632919858878,-0.6292349493199674,93,645.1612903225806,26.06127056636019
2023-02-20,-2.434665692976283,-2.076336642520408,68,882.3529411764706,22.840032572882826
2023-02-21,-1.3089283392634576,-0.08948844136920187,88,681.8181818181819,19.849361562860466
2023-02-22,-0.2678326344871742,-2.1494990403839234,80,750.0,76.56262346904406
2023-02-23,1.0579224899061455,2.2952010132825515,97,618.5567010309278,87.75449089349584
2023-02-24,1.1779751237003087,0.9881763247368762,88,681.8181818181819,79.15237084454101
2023-02-25,-1.0966096517175368,1.2463649047580323,69,869.5652173913044,10.467855782637226
2023-02-26,0.150157338152757,0.3831536217556346,95,631.578947368421,60.73344616839022
2023-02-27,0.7474251220628219,-0.6393166433494764,90,666.6666666666666,75.82479224438553
2023-02-28,-0.46647385175947687,-1.1388804861981767,84,714.2857142857143,23.764391945153776
2023-03-01,-1.8505445191732606,2.09142162086534,80,750.0,22.76543742776687
2023-03-02,1.5506830204770221,-0.9629913707127651,97,618.5567010309278,59.600129774745
2023-03-03,1.4026290142064344,-0.12379282437865768,80,750.0,34.405051993725834
2023-03-04,1.903399969237383,1.0028455270058458,63,952.3809523809524,58.71770865004534
2023-03-05,0.11777276619946875,1.2496977202224713,91,659.3406593406594,44.33329011287717
2023-03-06,-1.3766696798550986,0.7816643015557405,88,681.8181818181819,88.29689450275494
2023-03-07,-1.257761251967412,-2.2293847986219566,61,983.6065573770492,73.20601017114748
2023-03-08,1.947230918317194,-1.4206090004374676,76,789.4736842105264,11.839275761468807
2023-03-09,1.8987021933374422,0.9664228965878872,65,923.0769230769231,30.3030174044332
2023-03-10,0.1547790263147828,1.3938777480567186,77,779.2207792207793,74.59199548267188
2023-03-11,-1.0594089692966309,1.3802950045022673,63,952.3809523809524,35.19279430474643
2023-03-12,-1.4339928661351509,0.5543240818043444,94,638.2978723404256,73.93066381172078
2023-03-13,-1.309463545673399,1.1149267742645401,95,631.578947368421,49.52293214144712
2023-03-14,0.8769683384308986,0.8811098987465393,83,722.8915662650602,15.520583774982295
2023-03-15,-0.5854677456937822,-0.8204443835958504,78,769.2307692307693,63.20538356870914
2023-03-16,2.077991418641795,2.429766781345279,77,779.2207792207793,77.15082662404694
2023-03-17,-2.421721724080539,-1.9305721357100991,81,740.7407407407408,96.13894193333539
2023-03-18,-1.6400084178054608,-0.09483663677073739,77,779.2207792207793,74.21404208072349
2023-03-19,2.343604538162774,-1.6610311632880082,85,705.8823529411765,25.07542735558122
2023-03-20,-1.631325493227198,-2.2635929790351406,63,952.3809523809524,99.69299066884513
2023-03-21,-0.06835496424967502,2.4627691800764735,62,967.741935483871,40.78509187636553
2023-03-22,0.8463954667102787,1.5758806584656044,98,612.2448979591836,35.25762137534035
2023-03-23,-0.7784736649304107,0.6280932491538884,85,705.8823529411765,95.09060759795707
2023-03-24,-0.24110900491685072,-1.5882972685164698,91,659.3406593406594,46.84414204784417
2023-03-25,-0.9937063486424447,-0.9909904856016754,60,1000.0,51.64305223264271
2023-03-26,1.0136060432203515,-1.117046233115181,88,681.8181818181819,98.30127535839813
2023-03-27,0.7473494501521087,1.0360514743586284,89,674.1573033707865,11.486759254090202
2023-03-28,0.1617865123690274,0.21075416275374081,96,625.0,55.254898759141106
2023-03-29,2.1692650614256834,-1.7540167163554594,89,674.1573033707865,58.080368366887285
2023-03-30,0.3221245249216147,1.173262480727895,81,740.7407407407408,42.841206089365706
2023-03-31,0.12203431233548345,-2.445932085261209,94,638.2978723404256,21.040629945103714
2023-04-01,0.9169957792799677,1.5007923501314258,82,731.7073170731708,79.75947942705008
2023-04-02,2.219538087562376,-1.3994589926868102,98,612.2448979591836,64.55455164704956
2023-04-03,1.915908153632122,-2.488842248588793,87,689.6551724137931,99.29100813572033
2023-04-04,0.4353777960459637,2.1483153886471626,90,666.6666666666666,67.04376277915553
2023-04-05,1.9027649103502213,-0.6376458923992274,65,923.0769230769231,52.25665764781379
2023-04-06,-1.140596905879192,2.2436050891684207,94,638.2978723404256,20.76652208299895
2023-04-07,1.5048044484369347,0.57356234446641,75,800.0,94.10886774702477
2023-04-08,1.2528892661711666,-0.7346152477021235,60,1000.0,86.7714447478951
2023-04-09,-0.7059134836594017,-1.5070155987381768,77,779.2207792207793,19.594183875541887
2023-04-10,0.9855144871777721,1.1325393453044912,89,674.1573033707865,74.48083605354286
2023-04-11,1.3948385411898578,-0.7299599792960709,66,909.0909090909091,22.93489535560487
2023-04-12,-1.044933789466217,-0.8030317020815043,73,821.917808219178,32.9414384779583
2023-04-13,2.1639247056141144,-0.36709864383242685,78,769.2307692307693,12.023505928927015
2023-04-14,1.188466175980714,-0.6202089406195577,77,779.2207792207793,89.44443050932865
2023-04-15,-0.40973426025482107,1.421808337813805,95,631.578947368421,51.77593838127293
2023-04-16,-2.1738026385777047,2.0883844079437193,77,779.2207792207793,55.48982364077543
2023-04-17,0.17904283897060003,-1.8279941486084779,95,631.578947368421,68.83416424982266
2023-04-18,-0.6597163128651495,2.1111461498507476,90,666.6666666666666,17.563001385941106
2023-04-19,-1.9333231203143781,-1.8473949026124659,67,895.5223880597015,99.76586680822308
2023-04-20,0.5727032911087901,-2.3150732215372654,64,937.5,11.650358772151296
2023-04-21,-1.4491366692263967,2.383994232830757,64,937.5,61.416797492738084
2023-04-22,-0.2902621832100083,2.438089764640119,61,983.6065573770492,55.90155343245579
2023-04-23,-1.2635275677159763,-0.6908387590168803,76,789.4736842105264,81.76248763246424
2023-04-24,-1.6342367483745157,0.8933563286543711,65,923.0769230769231,46.106625387725465
2023-04-25,0.0972471921102307,2.3008665071938514,86,697.6744186046511,41.840869046986356
2023-04-26,0.6690698275037077,2.490382498004001,81,740.7407407407408,31.435665301928307
2023-04-27,-2.447931261062779,-1.6127952167809583,95,631.578947368421,73.8726629542899
2023-04-28,2.15203745561828,1.7527375263164018,62,967.741935483871,83.73636487420721
2023-04-29,2.390905381604523,-0.00382468243991152,91,659.3406593406594,18.577748555055276
2023-04-30,1.8239555078211804,0.4405979759859746,70,857.1428571428571,57.171060296727774
2023-05-01,0.36985352618664447,-0.3506838386022064,95,631.578947368421,86.11683437193707
2023-05-02,1.9184226042832568,2.4764488450743736,82,731.7073170731708,32.98255434125135
2023-05-03,1.3406425009583165,0.7858530630713463,62,967.741935483871,25.902264613208565
2023-05-04,-1.9688725523569577,1.641192844775774,82,731.7073170731708,25.665804333996036
2023-05-05,1.3680953152500033,0.8440096728637894,63,952.3809523809524,90.35665518435006
2023-05-06,2.063833216913314,-0.2004695445084308,61,983.6065573770492,19.30049197642539
2023-05-07,1.5308187417448647,-1.9735439341341021,96,625.0,91.47814528867607
2023-05-08,-1.2773168228642824,-0.2584784158411937,84,714.2857142857143,92.9451009145274
2023-05-09,0.5693907298122531,-0.2398278080883749,78,769.2307692307693,61.04117991353693
2023-05-10,-1.1345268879758097,-1.6164589806037377,63,952.3809523809524,21.271752052567678
2023-05-11,1.2696515906769705,-1.9404375617357927,97,618.5567010309278,52.46560044437509
2023-05-12,-2.3300529121986684,-2.2768419748919695,89,674.1573033707865,64.96020223294298
2023-05-13,0.7023705064831196,1.3529619495063345,98,612.2448979591836,97.44388374184047
2023-05-14,-0.5099289350275682,2.3792555297573204,68,882.3529411764706,36.967308390662744
2023-05-15,0.5770528189758357,-0.655809856796195,73,821.917808219178,98.17520531565502
2023-05-16,0.32561953561160895,0.5668615892690831,62,967.741935483871,64.79174590748565
2023-05-17,0.6831626928521821,-2.0117780652162587,68,882.3529411764706,48.14601635217603
2023-05-18,-0.2973410835959287,-0.17074885149608088,97,618.5567010309278,92.00796018665123
2023-05-19,-0.11069133672262588,-1.198219492283314,60,1000.0,43.29371048306434
2023-05-20,0.5275436988604758,1.8029842164830052,65,923.0769230769231,56.130021167021866
2023-05-21,-1.0326669398196646,0.19196786831257961,87,689.6551724137931,76.92786964542933
2023-05-22,-1.782303826092266,-1.3838129294077857,60,1000.0,74.87603413592699
2023-05-23,1.2778263796056262,-1.4485213845457827,70,857.1428571428571,68.00762074480784
2023-05-24,1.5070533602517981,-0.4650557302197642,62,967.741935483871,95.65075758086046
2023-05-25,-0.8556740901251325,-1.8956941789753712,88,681.8181818181819,78.9948121902164
2023-05-26,1.9078548009749712,2.1273831754231507,89,674.1573033707865,87.53161906399986
2023-05-27,2.3558929534052115,1.9118745308025096,71,845.0704225352113,33.48085003143383
2023-05-28,1.857069851021734,-0.3399267736724827,86,697.6744186046511,21.54319397153717
2023-05-29,2.0301004743078304,-1.0643789160041601,70,857.1428571428571,32.995895111156486
2023-05-30,-1.174729267706589,-1.3387837920520218,64,937.5,44.87297539210471
2023-05-31,0.27492792874629934,0.0722852345523628,88,681.8181818181819,72.22719657020937
2023-06-01,0.21392556162597476,-1.2536062591123887,95,631.578947368421,40.65882219106481
2023-06-02,1.0366471511460205,-1.215271225065323,95,631.578947368421,27.783514368026275
2023-06-03,0.5323277371388309,-1.025108691721528,92,652.1739130434783,23.849239032050043
2023-06-04,0.2308201266180241,2.414873340172898,62,967.741935483871,67.0074608970938
2023-06-05,1.2046772397185683,2.148556695507157,81,740.7407407407408,31.685850415789595
2023-06-06,2.1590946765448518,2.058163463129593,78,769.2307692307693,44.39261254456738
2023-06-07,-1.26444127996099,-1.114770271158894,98,612.2448979591836,88.32225398675622
2023-06-08,1.0496685795963492,1.7784461668307303,78,769.2307692307693,93.82153369057234
2023-06-09,1.0984098785653131,1.0671857356781627,78,769.2307692307693,62.49512688549073
2023-06-10,0.22762337214279738,-0.33848483704482524,64,937.5,13.45058388242267
2023-06-11,0.7707643439533962,0.18933381721093445,65,923.0769230769231,59.397233008851444
2023-06-12,2.0081140429800604,-2.4571128074139774,64,937.5,99.60754466648163
2023-06-13,-1.6163362332851845,-1.2223282958352915,97,618.5567010309278,72.64607639531303
2023-06-14,0.6605069719293133,1.2416944244930295,76,789.4736842105264,42.53376688821
2023-06-15,-2.1869686313896413,0.9904100380245113,76,789.4736842105264,28.548823664257178
2023-06-16,2.1179891058187197,2.4765341491593453,65,923.0769230769231,91.44484589169248
2023-06-17,0.27628586648853126,-2.122708800043646,84,714.2857142857143,66.15398378254413
2023-06-18,-1.6965805955753428,-0.5805199980681213,72,833.3333333333334,20.926166798854005
2023-06-19,-2.163617193608589,-1.6334840361379144,83,722.8915662650602,72.52282978386259
2023-06-20,0.3942537952605347,-0.6513729754573898,71,845.0704225352113,67.85935168507697
2023-06-21,-1.1848939327932884,-0.904283864866338,76,789.4736842105264,71.41702297549338
2023-06-22,-0.03594557994058789,1.6398397855155444,77,779.2207792207793,25.021472808536966
2023-06-23,-0.9787300489512296,-1.8285441317333921,84,714.2857142857143,16.24531064297006
2023-06-24,-2.49681178194588,-2.070495796286252,87,689.6551724137931,76.4713179315948
2023-06-25,1.0787986606195514,1.0449403385121645,86,697.6744186046511,94.7578446824611
2023-06-26,-0.8258226581799195,1.6656373105004443,97,618.5567010309278,97.51089433881141
2023-06-27,1.61541338570537,-0.38989638804298554,96,625.0,80.64054270931686
2023-06-28,1.0156203843871308,-1.0313654108413806,74,810.8108108108108,92.09564253936921
2023-06-29,1.1985813557337792,0.8379707894759014,97,618.5567010309278,95.50262388926927
2023-06-30,0.7483236866862657,1.3630220360222078,82,731.7073170731708,59.82442360338579
2023-07-01,0.24118266245687536,0.5795358482256869,65,923.0769230769231,49.47087168859586
2023-07-02,0.8188619743055696,-1.8041513819160637,83,722.8915662650602,19.980275375600534
2023-07-03,-0.785449819300631,-1.4985218039718333,91,659.3406593406594,52.55648612332021
2023-07-04,-2.3499161764682786,-1.6061889302446042,63,952.3809523809524,37.179269368939174
2023-07-05,-1.8717203981290786,-0.06585154760696144,69,869.5652173913044,12.058169622329835
2023-07-06,-2.166743581259688,1.2795694954908203,99,606.060606060606,25.584822253675576
2023-07-07,0.3775029236673615,0.22916404507394228,82,731.7073170731708,43.7343975046779
2023-07-08,-0.1620086939395753,-1.4526238917558092,63,952.3809523809524,78.53588622359825
2023-07-09,1.196992277569795,-0.9140790567954178,74,810.8108108108108,49.72138047843202
2023-07-10,0.20768663688876288,0.6009914691685649,90,666.6666666666666,89.42243560703616
2023-07-11,-0.06105327848804709,1.7390748908665117,68,882.3529411764706,85.6716918406168
2023-07-12,2.345637758739347,-1.2223086806191668,96,625.0,28.428171799043792
2023-07-13,-0.5619899889508355,0.4717723777137959,77,779.2207792207793,32.150714290595836
2023-07-14,-0.9241189434104002,1.2122851064003974,98,612.2448979591836,72.10847165330188
2023-07-15,1.3035220762704194,-1.1584151437747043,99,606.060606060606,15.83663311812461
2023-07-16,1.816919334210957,1.6296123292534341,79,759.493670886076,43.537981987717885
2023-07-17,2.374575662582398,-0.5383588036246345,69,869.5652173913044,59.73524538583594
2023-07-18,-0.6382573593098089,-1.7357221698576435,61,983.6065573770492,78.36092808177847
2023-07-19,1.5734710490828006,-1.5326815343206852,63,952.3809523809524,20.993006371255866
2023-07-20,0.014512534671118349,0.37760232500313906,60,1000.0,47.745644672679575
2023-07-21,0.3557071793278226,-1.0810839309803026,85,705.8823529411765,21.64690689743194
2023-07-22,0.6058064545031283,1.6107339746028178,69,869.5652173913044,71.91757959837426
2023-07-23,-1.5451258176791738,-1.2191752515607206,96,625.0,24.915751566270668
2023-07-24,-1.8542276006151193,-0.4916498884684768,91,659.3406593406594,97.39061725349369
2023-07-25,-2.248499397691191,-0.08068542675772283,85,705.8823529411765,46.26609091678268
2023-07-26,1.9981883665908518,-2.2825709354582058,79,759.493670886076,98.70050100315187
2023-07-27,-0.389021743012524,-0.20019865567478945,96,625.0,23.37509995610082
2023-07-28,0.8836383216666306,0.18653898081240117,85,705.8823529411765,31.325488520526676
2023-07-29,-0.2829879404945581,-1.5090255951184601,90,666.6666666666666,22.640693996167577
2023-07-30,1.3661119056972177,1.5854423951856376,98,612.2448979591836,76.82480403118169
2023-07-31,2.422086798577414,-1.9187153445630412,70,857.1428571428571,81.04079275533863
2023-08-01,-0.14853973064958392,-2.4302629732669208,66,909.0909090909091,42.160081495110404
2023-08-02,-0.22563136873196177,1.506537279764391,83,722.8915662650602,70.91094387623949
2023-08-03,1.7988422971455025,1.7007545526874353,70,857.1428571428571,28.36858208845848
2023-08-04,-1.6815896896772997,-1.99119440378752,97,618.5567010309278,60.707079956732784
2023-08-05,-0.47408456061820825,2.0582428936677317,76,789.4736842105264,88.64468663327499
2023-08-06,0.9278198487364304,-0.09734208490635954,81,740.7407407407408,28.9730109610648
2023-08-07,-0.13523316574593025,1.4515435124936973,81,740.7407407407408,74.73774528962429
2023-08-08,0.973991792850279,0.3893992868356717,65,923.0769230769231,73.09582825030856
2023-08-09,-2.273165998249076,-0.6946462441239625,63,952.3809523809524,97.57177145848397
2023-08-10,0.7950241504139837,2.1976093123227454,67,895.5223880597015,36.00255101974737
2023-08-11,-1.0731409386413544,1.3796789877442803,97,618.5567010309278,38.74817505863787
2023-08-12,1.499451443691211,1.8186233345412646,88,681.8181818181819,78.85082557801374
2023-08-13,-0.716502568824438,1.7327330720936978,78,769.2307692307693,64.47643606114838
2023-08-14,-0.45444924391156727,-1.0697999426352856,71,845.0704225352113,68.47852024907785
2023-08-15,2.2237857207778244,1.3623519609126191,92,652.1739130434783,10.900400411126077
2023-08-16,1.8004042241377753,0.7005913249431743,75,800.0,54.05441997682847
2023-08-17,-2.2567147471712854,2.1669322518065934,85,705.8823529411765,51.87791475450813
2023-08-18,-1.011160695030025,-0.40948343981654833,78,769.2307692307693,84.55142481585085
2023-08-19,-0.8290109983441651,-2.2129013058188756,71,845.0704225352113,31.27282276133715
2023-08-20,-0.3006410462380984,-2.0423802095529786,88,681.8181818181819,50.226174277705866
2023-08-21,-1.9158303947798299,1.6083604741046962,76,789.4736842105264,67.08685518648765
2023-08-22,0.8193312980434202,1.6329196804429271,93,645.1612903225806,12.03124284337088
2023-08-23,-0.2151680449428679,-0.6190082461628261,97,618.5567010309278,90.54089991107774
2023-08-24,2.1826309558484667,-0.4248023858698087,87,689.6551724137931,36.92373794385091
2023-08-25,1.183219433144437,-1.5973427410740892,96,625.0,53.83009359858198
2023-08-26,-0.7629809710873876,-0.06567168166365622,88,681.8181818181819,56.92215432082398
2023-08-27,-0.7955434335603628,-1.3996825286638959,74,810.8108108108108,34.404320182407474
2023-08-28,0.470674540125426,-1.7320172091349177,86,697.6744186046511,71.41587153404365
2023-08-29,2.4179784870328476,1.5719310506972093,68,882.3529411764706,97.10860725981834
2023-08-30,1.9692526411935178,0.5091188043593506,84,714.2857142857143,60.30104672317018
2023-08-31,-1.8894520964927746,0.5804722659187083,69,869.5652173913044,88.37265813359619
2023-09-01,-2.4526933138111744,-0.7286469111551175,64,937.5,58.42437778244195
2023-09-02,-2.1780394996485257,-1.646936352524499,67,895.5223880597015,78.63960446926096
2023-09-03,0.2691110204165197,0.07326781958796325,62,967.741935483871,51.262247787460474
2023-09-04,-2.090635174987612,-2.265714306555269,67,895.5223880597015,51.48381696173835
2023-09-05,-2.437484734427394,2.441117612586731,98,612.2448979591836,92.00826712630962
2023-09-06,-1.51164942822537,-0.5753751371214699,61,983.6065573770492,43.70218746363239
2023-09-07,0.9306317166648101,-1.7214698948022717,85,705.8823529411765,18.56802859596673
2023-09-08,1.2611011163683337,-0.7028143434367484,99,606.060606060606,27.85419935448363
2023-09-09,1.5745738615936222,1.377762574836975,81,740.7407407407408,33.615496427494406
2023-09-10,1.195408630381527,0.03027613176656807,87,689.6551724137931,98.65782389466527
2023-09-11,-2.4894763415751946,1.0364646213791722,98,612.2448979591836,52.24450966018163
2023-09-12,0.40183475183069817,0.9292040294461659,83,722.8915662650602,17.32441551556108
2023-09-13,-1.3310489385057584,-0.730895445604482,65,923.0769230769231,52.939572349415876
2023-09-14,1.6903354773516863,1.1303591519989382,83,722.8915662650602,26.07489847143331
2023-09-15,1.8422853861737511,-1.8983427271611386,89,674.1573033707865,27.14920142840693
2023-09-16,1.2248813339092228,-1.6730469152123562,67,895.5223880597015,87.0178285061701
2023-09-17,-2.233327554606099,-1.9552129974160475,85,705.8823529411765,12.565333656701974
2023-09-18,-1.7453361029442576,1.6411319741092099,67,895.5223880597015,88.72259851571438
2023-09-19,-1.4439209981919754,-0.3411774715644449,91,659.3406593406594,88.694178619611
2023-09-20,-0.42944441728845195,-1.7655591575754608,93,645.1612903225806,17.895863980500508
2023-09-21,1.811563652677087,-0.8951327260282005,69,869.5652173913044,96.1840035978448
2023-09-22,-0.17195546056073585,0.09361272444561664,89,674.1573033707865,57.59625410646877
2023-09-23,1.636007961339275,1.4242872474875319,63,952.3809523809524,72.81494058235944
2023-09-24,-0.9584172550477799,-1.1773371503728876,84,714.2857142857143,12.579069259762305
2023-09-25,2.000870970418985,-1.5093868378735071,80,750.0,12.421944514799616
2023-09-26,0.48079269225025856,1.1729084920668997,98,612.2448979591836,97.38091907503042
2023-09-27,-2.4095970541093337,1.4584845519185965,75,800.0,34.64212488095322
2023-09-28,2.398081203131456,-1.899494360040725,94,638.2978723404256,91.85924069537877
2023-09-29,-1.7552611376124239,1.8373403401333057,78,769.2307692307693,23.60505417057435
2023-09-30,-1.007200069695996,0.2624569919735893,78,769.2307692307693,64.36698315099257
2023-10-01,-2.43420998694382,-2.3844242818370427,64,937.5,31.30228137953103
2023-10-02,2.0884187319078267,0.355107901049613,94,638.2978723404256,48.31086301040041
2023-10-03,0.57423859396035,0.26154723813891945,99,606.060606060606,47.35076993460961
2023-10-04,-0.930608310339585,-0.9287068080929084,81,740.7407407407408,94.06422478055079
2023-10-05,0.5882576491655871,-2.325259632096887,81,740.7407407407408,18.68087762974283
2023-10-06,-0.5439863529719795,0.8293997460997122,92,652.1739130434783,68.41977006325547
2023-10-07,-0.9230664529110688,1.228796105480761,74,810.8108108108108,92.48859687158222
2023-10-08,-1.9775297386569113,2.0582493955807966,77,779.2207792207793,23.430751710028876
2023-10-09,2.1744230701264513,0.9305369145726687,92,652.1739130434783,43.940392361221996
2023-10-10,-1.1656395032365112,1.8121707553812083,63,952.3809523809524,97.36315855293806
2023-10-11,0.41843848000183304,0.4931679020541768,62,967.741935483871,99.47759275254974
2023-10-12,1.8925882992270644,-1.3647749772964746,88,681.8181818181819,53.01459049672614
2023-10-13,0.7878455949200687,1.136083939500221,67,895.5223880597015,11.950990471281138
2023-10-14,-1.0976394811151868,2.0908849527616633,79,759.493670886076,63.27410510576659
2023-10-15,1.4184528781473453,-0.5831002308710991,98,612.2448979591836,60.22230068405807
2023-10-16,1.6588584290763215,2.1657436931399783,78,769.2307692307693,64.9992849827047
2023-10-17,1.737764772544768,1.8465312743967708,87,689.6551724137931,38.679817289978935
2023-10-18,2.058432778457691,-0.31615448032295435,71,845.0704225352113,21.671724908387326
2023-10-19,-0.06630440144993965,2.37455079317641,86,697.6744186046511,44.846201899203514
2023-10-20,-1.6545189439667707,2.44365327283917,68,882.3529411764706,88.34255961159178
2023-10-21,2.30186306677657,0.8569324485395118,70,857.1428571428571,71.31334672317973
2023-10-22,-0.6977301823121747,-1.597018352833612,98,612.2448979591836,80.29108625239897
2023-10-23,-0.9916377958817868,2.2029051815787817,60,1000.0,73.67260967173542
2023-10-24,-1.05098944512517,-0.44016308195945664,80,750.0,94.20625882974035
2023-10-25,-0.669860068923898,-1.4553037558096493,69,869.5652173913044,20.04995014545429
2023-10-26,-0.9000055689244086,1.6684532349924632,62,967.741935483871,46.34053641445423
2023-10-27,0.9008707259994702,0.8184038181951454,70,857.1428571428571,86.37938114672535
2023-10-28,-0.5962076080203667,-0.43790307845801335,70,857.1428571428571,19.703600813575278
2023-10-29,-0.563757319245977,2.0020325264590166,71,845.0704225352113,69.7997097051134
2023-10-30,1.154282498795796,0.10018901791261481,61,983.6065573770492,86.74767894615266
2023-10-31,-0.046408334894803005,0.8087722400579822,70,857.1428571428571,65.91651503538998
2023-11-01,-0.13533400814789776,-1.8449411490475531,81,740.7407407407408,92.78871064791794
2023-11-02,-1.3744635171685067,1.084193485137979,92,652.1739130434783,59.96976402544818
2023-11-03,1.9388619342643443,0.24847771813380204,72,833.3333333333334,45.30166494143998
2023-11-04,-2.3073870923115534,-0.22583303344612515,63,952.3809523809524,67.79241606100881
2023-11-05,1.744311771082053,-2.101689029151669,94,638.2978723404256,91.40638194634377
2023-11-06,1.4293817812341052,1.8364264955606933,81,740.7407407407408,70.01809100542127
2023-11-07,1.6090052510407213,-0.6741752672255048,99,606.060606060606,60.630059376453346
2023-11-08,1.8427674141324415,-0.09246922646544498,88,681.8181818181819,49.18007649410758
2023-11-09,-0.519603079876616,-0.6080059195868992,71,845.0704225352113,49.53763159122126
2023-11-10,-1.8293208884970307,-2.4116577576717493,85,705.8823529411765,46.34687997636864
2023-11-11,-0.8812705616460486,1.770456455259735,82,731.7073170731708,22.743189136859442
2023-11-12,-1.3471344142484565,2.44687917447263,88,681.8181818181819,55.03372308154389
2023-11-13,2.2356307152443176,-0.8268027635179631,97,618.5567010309278,29.579297629765183
2023-11-14,-0.31541565437414976,1.4364564585133994,96,625.0,39.323324030027855
2023-11-15,-0.636858383614689,0.8911036906140071,91,659.3406593406594,35.16118631086968
2023-11-16,-0.534086879989929,-0.38285704712662394,84,714.2857142857143,86.20673061830612
2023-11-17,0.38263898445956723,-0.6819121416281932,79,759.493670886076,92.03099996662085
2023-11-18,-1.0356683841114749,-0.12458107505314331,85,705.8823529411765,82.456460807863
2023-11-19,-0.7513183690048715,0.43211912041184064,63,952.3809523809524,18.722659538758123
2023-11-20,-1.612592896637488,-1.4004641356568293,87,689.6551724137931,80.66649092956993
2023-11-21,0.11353374454181431,-1.676815743366304,64,937.5,58.09503681136486
2023-11-22,-1.290069657284307,2.324676935389686,65,923.0769230769231,40.49622567025198
2023-11-23,-1.1304570638642875,-0.5528608247744367,76,789.4736842105264,13.963303111840851
2023-11-24,1.3792087531884927,2.158592296329717,72,833.3333333333334,95.77927662508499
2023-11-25,0.6768857432118502,0.034744816977255066,72,833.3333333333334,93.90550870952016
2023-11-26,1.106829917375744,0.6443656990510704,96,625.0,95.3513162310579
2023-11-27,0.18366763936531427,-0.08024469050434835,99,606.060606060606,99.25068599065534
2023-11-28,-0.4191704426711529,1.5335863733998787,78,769.2307692307693,33.90521182703815
2023-11-29,-0.2619637275965223,-1.772367317518147,62,967.741935483871,58.388576143566276
2023-11-30,1.554738513651916,2.4357023655786385,62,967.741935483871,90.52511302436073
2023-12-01,-1.6260328331416796,1.9652610600176788,69,869.5652173913044,20.002824583980036
2023-12-02,1.753402038136369,-1.2704600897759433,97,618.5567010309278,98.02084326369136
2023-12-03,0.6057955631970557,-0.05349864866570542,95,631.578947368421,84.29549072346326
2023-12-04,-2.225080534981492,-1.6041371352664284,74,810.8108108108108,41.502458509954444
2023-12-05,1.63072121817871,-0.25512033912377685,65,923.0769230769231,54.13089078577115
2023-12-06,1.8520933964441646,-2.174862611447132,86,697.6744186046511,22.796986548977877
2023-12-07,-1.6253356840257998,1.013948962730649,64,937.5,42.99152576699786
2023-12-08,-1.721929335854346,0.8694287249165917,77,779.2207792207793,88.1621819081356
2023-12-09,1.7743811752704888,0.88014688668054,94,638.2978723404256,40.301606166085236
2023-12-10,-0.3885370568220088,0.7646802964405945,62,967.741935483871,50.27474805511721
2023-12-11,0.4385643011459637,1.8085040511647108,88,681.8181818181819,79.89902670915761
2023-12-12,-1.2151924738736257,1.1026031778970542,77,779.2207792207793,54.98691666342941
2023-12-13,0.434478846742814,2.3988164856923717,92,652.1739130434783,65.5740112703894
2023-12-14,0.66007305530509,2.228487690676314,69,869.5652173913044,55.5285940387731
2023-12-15,1.9134927639370067,-0.8187776788620393,63,952.3809523809524,69.02524446504646
2023-12-16,-0.24268761218670276,1.1576550162675607,83,722.8915662650602,68.72460480439983
2023-12-17,-0.5272217961652585,1.6258048385695565,97,618.5567010309278,46.89744190778423
2023-12-18,-1.972743096632998,-1.240881309710173,83,722.8915662650602,15.397714180277813
2023-12-19,-2.0339359114652096,-0.5525927308151335,71,845.0704225352113,81.58209400746492
2023-12-20,2.3981380510407435,-1.8197644495684417,80,750.0,46.922917383509976
2023-12-21,0.45627388050275597,-0.7511175701773165,63,952.3809523809524,40.44826914785055
2023-12-22,-1.5258684185094378,1.8476407798428776,63,952.3809523809524,61.70560589841657
2023-12-23,1.3752924578758274,1.6814269600824403,81,740.7407407407408,14.480768604258532
2023-12-24,-0.7038873430596215,-1.8018033125230082,80,750.0,22.673023751301358
2023-12-25,-1.314038542317724,-0.47373668762079024,76,789.4736842105264,10.079054301098955
2023-12-26,0.2220833815756813,1.9026381641186436,86,697.6744186046511,95.25665308655667
2023-12-27,-1.8801836190657588,-0.7809161260558133,75,800.0,41.34640859360146
2023-12-28,-1.1627083604764947,-2.1887057100255918,93,645.1612903225806,96.74045860599547
2023-12-29,0.3418984983597402,1.4584617958770436,85,705.8823529411765,85.32400198164433
2023-12-30,0.3750494412706922,-1.103644940640201,63,952.3809523809524,93.80780084106706
2023-12-31,-0.2847080512900457,1.5120895777062566,83,722.8915662650602,93.06672103275221
2024-01-01,1.4942160500539563,-2.206808674013361,79,759.493670886076,50.26089303418879
2024-01-02,0.806757217266711,-0.9541010373934915,82,731.7073170731708,29.673445215736592
2024-01-03,0.4772474001114291,0.7159230127891583,89,674.1573033707865,14.557023427888936
2024-01-04,1.9740749015309529,-1.5138236283381856,78,769.2307692307693,85.25422514857054
2024-01-05,-1.226665690677407,1.8642262289511837,88,681.8181818181819,30.517505360064185
2024-01-06,-0.6436558423374579,0.3654754710853081,73,821.917808219178,11.118915120601667
2024-01-07,-2.0090747674402194,-0.5284159546772509,94,638.2978723404256,44.45687841096109
2024-01-08,0.5217752123128032,2.2430874393337463,83,722.8915662650602,54.10201605023571
2024-01-09,-0.711158299519884,1.3594921197772636,84,714.2857142857143,12.829573709020549
2024-01-10,-1.9881322050196841,-1.9997835013224219,69,869.5652173913044,98.86748750063117
2024-01-11,0.46112208288281487,1.5352445230059946,67,895.5223880597015,14.901231314323049
2024-01-12,1.3540881734351378,1.7715273176804418,85,705.8823529411765,47.27259845314353
2024-01-13,1.5941968913157636,-0.4897768135357463,67,895.5223880597015,13.502174237946463
2024-01-14,0.49348197993155196,1.385708567433027,72,833.3333333333334,80.52226276220836
2024-01-15,0.3808785172595379,-1.0603855590377842,68,882.3529411764706,41.37326267532381
2024-01-16,1.5204656945386716,-0.20537386969631566,70,857.1428571428571,41.17791012821048
2024-01-17,2.445573170688668,1.6186399811203405,76,789.4736842105264,78.04648283574359
2024-01-18,-2.2153275457574257,2.38605934152533,76,789.4736842105264,79.82820658074593
2024-01-19,0.42725228785319436,1.1731883435033872,94,638.2978723404256,88.48547827104797
2024-01-20,0.546227412458224,-0.3227319367678314,74,810.8108108108108,65.66536033712308
2024-01-21,2.4525757029681987,-2.0973302747994405,99,606.060606060606,20.208265275989504
2024-01-22,-1.4297065730181124,-0.23528499563131167,88,681.8181818181819,81.28314153006035
2024-01-23,-0.6259169891415128,-2.4926692046599923,78,769.2307692307693,32.625229246222624
2024-01-24,0.6419512812991002,-0.12306720287500816,96,625.0,92.90232547430502
2024-01-25,0.07341174674225925,2.165333179526903,87,689.6551724137931,84.21899616085236
2024-01-26,-0.34111793550101766,-2.4842479244733684,97,618.5567010309278,87.29939358753896
2024-01-27,-2.140482826743812,2.141557069219652,84,714.2857142857143,82.25882994645072
2024-01-28,2.2729606502726876,-1.6329806766469923,77,779.2207792207793,83.21491094773044
2024-01-29,-2.2173637054122763,0.14137442071482198,73,821.917808219178,74.0321280342869
2024-01-30,2.08972655527283,2.376017640277089,70,857.1428571428571,19.94515507857833
2024-01-31,1.556412282235419,2.2994878121043287,81,740.7407407407408,31.89267927825362
2024-02-01,-1.0286522860450846,0.3417290906520858,99,606.060606060606,47.24006517462284
2024-02-02,0.010974022325338506,0.07878977430213752,91,659.3406593406594,75.13327382543385
2024-02-03,0.5486867752039193,-1.8602369961284086,96,625.0,83.10739644721349
2024-02-04,0.9838206524739723,-0.1590361119192214,85,705.8823529411765,44.69651996124629
2024-02-05,-2.1290261045534336,-1.532473384847846,82,731.7073170731708,31.955695133066516
2024-02-06,1.7944527212089199,-0.46364857520167213,98,612.2448979591836,68.97353302861029
2024-02-07,2.27925283902863,-0.6800531116434683,79,759.493670886076,51.36321198552601
2024-02-08,0.8517262222753574,-1.346112946846092,88,681.8181818181819,81.47069371861156
2024-02-09,-0.6758646830529207,-1.1695549511608438,82,731.7073170731708,25.003079803921565
2024-02-10,0.5915916571022168,-1.2414787661886773,86,697.6744186046511,88.28060082324322
2024-02-11,0.09447627195313935,-1.807778526991215,96,625.0,84.64262073823555
2024-02-12,1.9899246635550725,-1.182086663319688,79,759.493670886076,95.20220741275331
2024-02-13,-1.4362151674625916,-0.439998311323762,77,779.2207792207793,36.93666217249675
2024-02-14,1.0372790915776124,-0.1505827114965692,71,845.0704225352113,39.68311619738887
2024-02-15,-1.8563058461114257,-0.05744593359812544,84,714.2857142857143,89.17761001752815
2024-02-16,0.4800047023171099,0.2572771399183651,89,674.1573033707865,51.89105021342888
2024-02-17,-0.9131899522992053,2.397987024583614,76,789.4736842105264,18.77753536592065
2024-02-18,1.4977991084107756,1.4067158456399746,72,833.3333333333334,12.281751763965714
2024-02-19,-2.4502422085143842,-1.5391616246889983,95,631.578947368421,66.7425084715918
2024-02-20,0.2382458254429629,1.4796208687764918,64,937.5,92.68623810371408
2024-02-21,-2.2478240318248943,1.2633699211900358,99,606.060606060606,23.33640151755103
2024-02-22,-2.4623648142746712,-1.147467321096454,84,714.2857142857143,40.74129106782233
2024-02-23,-0.47331789782949585,1.8804497918604675,68,882.3529411764706,13.403868190605419
2024-02-24,-1.528519513378019,0.751596633123937,67,895.5223880597015,62.138262055130994
2024-02-25,2.21531610464751,-0.703722557570539,83,722.8915662650602,41.29508704609937
2024-02-26,1.9938587171574849,-0.38522275898500347,61,983.6065573770492,35.259179436699895
2024-02-27,0.22300790402758963,-0.1862141642932107,65,923.0769230769231,26.35869731771767
2024-02-28,1.0955282778041306,-0.10981859885260503,71,845.0704225352113,39.04581934949637
2024-02-29,-1.9078792408245944,-1.562276123394228,73,821.917808219178,11.210397411078059
2024-03-01,-1.684552178717897,1.3022882335638926,96,625.0,35.702891062422495
2024-03-02,-2.2998389810369435,-1.012118801040201,92,652.1739130434783,76.30102398172328
2024-03-03,-2.4846123691613653,-1.612881261625051,80,750.0,98.29791875682615
2024-03-04,1.7026023685982397,1.8953762643760497,60,1000.0,87.28575558311323
2024-03-05,-0.7944789012744695,2.2943553851721346,96,625.0,97.64385714381277
2024-03-06,0.21598288989573433,0.5940822019917524,76,789.4736842105264,65.35033021763661
2024-03-07,-0.1593788952451951,1.126723182357372,92,652.1739130434783,96.58758577878802
2024-03-08,0.12235024111603465,1.2087725092939845,61,983.6065573770492,64.13054604636879
2024-03-09,-0.04965767644008512,1.1708428059556009,68,882.3529411764706,99.38740391222235
2024-03-10,0.7558804418352865,-0.46904860183625674,91,659.3406593406594,30.259207102484748
2024-03-11,1.5727962221813696,2.1007260398865135,85,705.8823529411765,83.13989722450869
2024-03-12,-2.094182931595731,1.0777511274448743,75,800.0,92.84855018860695
2024-03-13,-1.2847510138222173,2.0070115977641576,86,697.6744186046511,37.88026719940491
2024-03-14,-1.9380514590949827,-1.5055080886594818,60,1000.0,71.94603972702515
2024-03-15,1.5869638750667958,1.3950937672749948,96,625.0,50.666386768490476
2024-03-16,2.3482032562704243,0.9724569349518664,65,923.0769230769231,93.31116773281519
2024-03-17,0.6106616842808057,2.0714621714792605,60,1000.0,98.00178919141003
2024-03-18,-1.2908344445190112,-1.8664211296939688,80,750.0,21.195584920022725
2024-03-19,-0.9825631479336849,1.3629179803396596,71,845.0704225352113,97.88990392964632
2024-03-20,-0.3677051244559837,-1.6246575726009682,61,983.6065573770492,21.7349729332593
2024-03-21,-1.7791376206824334,0.7758080202068762,82,731.7073170731708,84.8489898602909
2024-03-22,-0.03490136636396857,0.6382682939716333,63,952.3809523809524,12.915938334973733
2024-03-23,0.8352577007900122,-0.04484286288035699,79,759.493670886076,59.90086295447477
2024-03-24,1.5398926051674673,-2.449175754020458,79,759.493670886076,82.54132043261707
2024-03-25,1.0064458050223473,-1.6589052567806313,99,606.060606060606,42.79695034554091
2024-03-26,-0.5363660792228542,1.3692721874949787,89,674.1573033707865,67.40572128066763
2024-03-27,2.131569824601633,2.3598954916239565,63,952.3809523809524,68.28508212786332
2024-03-28,0.005346690610258165,2.1365179416424924,88,681.8181818181819,24.564306297084105
2024-03-29,2.3081674773842025,0.19668894184844365,83,722.8915662650602,50.49277762887295
2024-03-30,1.867986557511979,2.3469842681757367,99,606.060606060606,20.65107788010316
2024-03-31,-0.801368619812119,-0.6270277997440927,93,645.1612903225806,88.63846751056597
2024-04-01,-2.2236085635462244,-0.6879536071561898,98,612.2448979591836,85.13955962355475
2024-04-02,-1.8154899230904775,-1.84491555712549,94,638.2978723404256,73.21844013518565
2024-04-03,2.154794668685403,2.2613996036856507,84,714.2857142857143,61.314542770499244
2024-04-04,-1.3440252096733474,1.0087669109209143,96,625.0,30.852846163685545
2024-04-05,-1.025881528755674,-1.1988544712185827,96,625.0,10.91423805479427
2024-04-06,2.3187072209684016,0.3653795927411818,85,705.8823529411765,49.29785520709743
2024-04-07,0.9830413113238059,-1.356271735829162,78,769.2307692307693,89.22107107322591
2024-04-08,1.9669577216360015,0.04778627892062781,79,759.493670886076,36.03598886241792
2024-04-09,1.1928777706553912,1.770448348028923,97,618.5567010309278,62.92414207734026
2024-04-10,-1.890508879118229,-2.1460276864599925,91,659.3406593406594,92.21125769848412
2024-04-11,1.5993017747247853,1.874457445256314,63,952.3809523809524,72.29496862525781
2024-04-12,1.4427342867147095,2.1278615307042337,98,612.2448979591836,88.05644321873591
2024-04-13,1.07099308319806,1.7341374620761947,94,638.2978723404256,37.768689556366105
2024-04-14,-0.4571427272235127,1.219017503009499,99,606.060606060606,23.92084802553631
2024-04-15,-2.3214815572130125,-0.10519698994444493,99,606.060606060606,27.788552127057258
2024-04-16,-1.7930194550479783,-1.164570885399006,97,618.5567010309278,30.63308142586149
2024-04-17,-0.29173965531886337,0.5126308206584111,84,714.2857142857143,19.81038888625077
2024-04-18,2.1137583629292953,1.7567649683581728,99,606.060606060606,92.87290151998259
2024-04-19,2.1877661860849473,2.1445297307329705,60,1000.0,37.18782591309265
2024-04-20,-1.2032270441552977,-2.464847581050569,67,895.5223880597015,20.193805263373143
2024-04-21,-1.1432431788638557,0.5888353719776331,83,722.8915662650602,57.43568600294518
2024-04-22,2.0488991175406017,1.6423603536938698,95,631.578947368421,57.409413413638745
2024-04-23,-1.264919204404189,2.046368099804691,78,769.2307692307693,60.81000779611964
2024-04-24,2.011681010831804,-1.9163163935967564,61,983.6065573770492,24.701966509088138
2024-04-25,1.570758762521617,0.35476766937708337,62,967.741935483871,75.36211114822666
2024-04-26,1.0586237728268038,-1.7865826699259457,84,714.2857142857143,95.58435333403756
2024-04-27,0.2696683703168121,0.708324855008096,94,638.2978723404256,94.7334760926766
2024-04-28,2.172808011510222,0.8047493122818987,61,983.6065573770492,56.0692527384241
2024-04-29,1.4907049890183925,-0.6352921272198864,62,967.741935483871,40.45423754214576
2024-04-30,1.2417254864530936,0.8964315660938569,76,789.4736842105264,97.27993438241548
2024-05-01,-0.3974645959009049,-2.4696055162429644,82,731.7073170731708,76.9804656446542
2024-05-02,1.7589485203249762,-2.0346031153788378,98,612.2448979591836,46.76488179786826
2024-05-03,1.6819627341428625,0.6783058586146185,83,722.8915662650602,93.47897426108423
2024-05-04,-0.7515186047581102,1.159461189720516,61,983.6065573770492,66.09158467134739
2024-05-05,-2.3242602387418447,-0.38511390027484493,61,983.6065573770492,95.78585110172858
2024-05-06,2.253151562458048,2.210223410997604,84,714.2857142857143,72.14057733760055
2024-05-07,-2.4286540330612336,-1.0723507064537112,84,714.2857142857143,79.70660215053184
2024-05-08,1.583261991566797,-1.3270226528593736,62,967.741935483871,25.086452241842046
2024-05-09,0.7933470072309605,2.1218175030638733,66,909.0909090909091,68.62287372333861
2024-05-10,2.408431285671152,-1.3605589441785075,89,674.1573033707865,19.691908194894857
2024-05-11,-2.409539704944846,-0.2841611890311353,88,681.8181818181819,98.70926400677986
2024-05-12,-0.4039936985945358,0.45396721288399,85,705.8823529411765,33.71863479821245
2024-05-13,-1.0581753497996966,1.375623162116479,85,705.8823529411765,35.75628373261851
2024-05-14,0.6510692858170941,2.419043925497265,88,681.8181818181819,43.609629150312635
2024-05-15,-1.134147701129905,-2.4466229489968008,62,967.741935483871,42.08108488648134
2024-05-16,-2.2571901740916767,2.1233494166630686,81,740.7407407407408,94.9256258922664
2024-05-17,0.3474211495398052,-1.4282362442061043,82,731.7073170731708,96.76873698114476
2024-05-18,-0.419652401297153,-0.8553017660655109,72,833.3333333333334,76.65058006542446
2024-05-19,2.35600821555108,1.9926720400743996,74,810.8108108108108,25.88026595824784
2024-05-20,0.6428769952139013,1.3579704431727087,60,1000.0,15.914910377890388
2024-05-21,0.9528566442404478,0.5580208871550418,74,810.8108108108108,21.86239318800047
2024-05-22,-0.7759966371793514,0.177303546281391,68,882.3529411764706,74.57540160721773
2024-05-23,1.5217309336898968,0.3089176305116714,62,967.741935483871,29.07138753637188
2024-05-24,-1.9721744601758222,2.4878109768585706,92,652.1739130434783,90.604915818613
2024-05-25,-1.4788935375286827,0.1557390857324248,81,740.7407407407408,70.9832203668687
2024-05-26,0.210961052489961,-2.3270567750862132,74,810.8108108108108,24.048244427822556
2024-05-27,-1.8901956055285107,-0.053878907308180235,79,759.493670886076,77.0384509016003
2024-05-28,-0.988005871463784,1.7253520028761713,88,681.8181818181819,70.7090705649766
2024-05-29,-0.8828422573960566,0.12304534788609178,81,740.7407407407408,26.133368827833998
2024-05-30,0.8077980827270075,0.1514885554412322,87,689.6551724137931,90.96040954504518
2024-05-31,-1.2825942411987983,-1.4908081954292114,91,659.3406593406594,95.15398599473157
2024-06-01,2.0785275188479195,-1.4529194822588065,77,779.2207792207793,94.60710787463442
2024-06-02,-1.7010386277994378,1.205734346402179,78,769.2307692307693,79.74584525904677
2024-06-03,0.2810718380869721,-0.10329192499036388,74,810.8108108108108,39.85248325762231
2024-06-04,1.5782967860308945,-0.9845259004012663,63,952.3809523809524,95.6533427272154
2024-06-05,-0.5875221867207558,0.39734975215126633,89,674.1573033707865,66.12209498375226
2024-06-06,-0.035706475010090166,2.0334012991747734,97,618.5567010309278,28.8852189679994
2024-06-07,0.7151640817567495,-0.11554483526645853,65,923.0769230769231,18.204692069080302
2024-06-08,-1.5907390214154589,0.7124029976684847,63,952.3809523809524,16.574143699642207
2024-06-09,-0.678780622644416,-1.2179862425291037,67,895.5223880597015,74.31502421467181
2024-06-10,-0.5328214418722848,-0.6266895351453505,86,697.6744186046511,29.546094243264584
2024-06-11,-0.580799485228739,1.8962741328734927,69,869.5652173913044,16.50742100407855
2024-06-12,0.7985100348358891,1.8906192511539297,65,923.0769230769231,90.51250733522548
2024-06-13,-0.3967882977207591,-1.3541951643233474,65,923.0769230769231,27.005223595311648
2024-06-14,-2.0787095891800167,2.065035544340806,98,612.2448979591836,10.987570290129522
2024-06-15,-0.3430103084124343,-1.298625113046898,62,967.741935483871,91.38855591790602
2024-06-16,-2.3285191928147646,-1.2788423322850857,70,857.1428571428571,18.23920585326359
2024-06-17,-2.086887266809014,1.1241226464987109,89,674.1573033707865,41.314826769264414
2024-06-18,2.2420317504444345,-2.11335286700339,65,923.0769230769231,99.34671224272982
2024-06-19,1.7929285275461746,1.030045483596815,91,659.3406593406594,22.390228084987292
2024-06-20,-0.015879868695742427,-0.39432061227037174,83,722.8915662650602,21.290238365854936
2024-06-21,-0.6841602508745181,0.7564306990643868,64,937.5,62.973223703285214
2024-06-22,-0.9288903238420521,-0.9440978127854716,95,631.578947368421,94.71072576004113
2024-06-23,0.7145158266376943,-0.08539387254842623,95,631.578947368421,41.32132904888415
2024-06-24,-1.670589020305941,-2.2675274172021007,66,909.0909090909091,71.10260036108716
2024-06-25,0.9306083754779468,-2.200337528099327,81,740.7407407407408,57.27469969538826
2024-06-26,-0.7431240644109793,-0.03702643557703711,90,666.6666666666666,76.80634729902718
2024-06-27,0.13798728828220908,0.2882979435004671,72,833.3333333333334,30.192611420988317
2024-06-28,-1.6025334523471964,-0.8706766604023108,76,789.4736842105264,69.1820973998758
2024-06-29,-2.211010969200273,1.9434919944405031,94,638.2978723404256,47.78173511384976
2024-06-30,-1.860416684514525,-0.317215993657169,95,631.578947368421,83.83199559392907
2024-07-01,2.229667402446525,-1.4657388055903469,61,983.6065573770492,31.581260480950103
2024-07-02,0.6367753687803046,1.9188649506563697,74,810.8108108108108,37.02803560069382
2024-07-03,-2.3792281092462977,1.411210666975793,73,821.917808219178,88.68629025273604
2024-07-04,0.3751981455220128,-2.1409602391662634,70,857.1428571428571,57.093935101098374
2024-07-05,-1.7808213151285635,-1.0501013104326695,82,731.7073170731708,96.93302508710397
2024-07-06,-0.3718466373579101,-1.5266160088044456,70,857.1428571428571,16.341928706993052
2024-07-07,0.6543109839075036,1.8012293146586682,84,714.2857142857143,53.55962950226888
2024-07-08,0.40139943342347983,-1.0868545380689187,90,666.6666666666666,57.00175485412965
2024-07-09,-0.40151420627064516,0.048949184548395586,90,666.6666666666666,69.31988447969096
2024-07-10,0.9761125963840325,-2.142068196586199,84,714.2857142857143,99.4214180740716
2024-07-11,-2.030740308884958,-1.6140623387139275,70,857.1428571428571,22.33920760166402
2024-07-12,-0.32568783163978576,-0.5702415484084051,87,689.6551724137931,37.52493094206808
2024-07-13,0.6185428538276856,-2.380581095385268,66,909.0909090909091,76.85192741349647
2024-07-14,0.7749438687368659,0.38727166591165485,69,869.5652173913044,37.506086371178355
2024-07-15,0.04602924043524759,-0.444368096487632,70,857.1428571428571,10.65602066922817
2024-07-16,-2.0837530630064878,-0.9931634761190777,80,750.0,22.443161743736034
2024-07-17,2.111733852973753,-1.253379241563064,78,769.2307692307693,79.81361348824943
2024-07-18,-0.9040822465706726,-1.0308843218720554,90,666.6666666666666,94.13095818504945
2024-07-19,-2.286819938559189,-2.156347634731689,62,967.741935483871,82.7257458496767
2024-07-20,-2.067891584199284,2.238432949615512,93,645.1612903225806,76.1978104056817
2024-07-21,2.1740921641363062,2.3073794370572527,92,652.1739130434783,77.26322662290849
2024-07-22,-0.8044448440677276,0.526368583784822,78,769.2307692307693,71.75896916271995
2024-07-23,2.1867257428107925,-0.5979794803600336,87,689.6551724137931,14.030424476967548
2024-07-24,1.2848906906235475,0.15581202413535333,73,821.917808219178,53.67827177674991
2024-07-25,0.6555056957940799,-2.4592731195463817,95,631.578947368421,56.82552778659532
2024-07-26,0.1929813443401458,-0.4901796759800541,69,869.5652173913044,68.64423875054061
2024-07-27,0.7376269501711241,-2.333773562424887,63,952.3809523809524,16.4272353925727
2024-07-28,1.2488839129265452,1.4197743440618078,79,759.493670886076,67.35994439446353
2024-07-29,0.8262660669060051,-1.0236286005282758,91,659.3406593406594,72.16812276651484
2024-07-30,2.0827279214879786,-1.4543360669294014,61,983.6065573770492,10.116551619784651
2024-07-31,-1.3488922366130973,-1.772582690010422,72,833.3333333333334,16.573477500958848
2024-08-01,1.683070223877519,-0.46568038594184014,67,895.5223880597015,34.08554868134132
2024-08-02,-2.405556108509786,-0.7830616764176024,91,659.3406593406594,44.14031962655415
2024-08-03,-2.29676143065634,1.4326694289660473,72,833.3333333333334,14.855071057691603
2024-08-04,0.6136975287978883,-1.1371524693200652,78,769.2307692307693,46.907465891981325
2024-08-05,-1.7985004825732647,-1.059290493778362,62,967.741935483871,86.18334464330427
2024-08-06,-1.1365132468853263,-2.256781393791589,94,638.2978723404256,42.326494043262144
2024-08-07,0.5671128699518713,-2.115313693253631,98,612.2448979591836,71.62386288412426
2024-08-08,1.5817545377749678,1.9162769390464938,77,779.2207792207793,61.445475623201986
2024-08-09,0.6706182198879809,-1.8603915155541784,87,689.6551724137931,27.153414112498726
2024-08-10,-1.7526166991947512,1.4884548784835845,83,722.8915662650602,73.30637301690773
2024-08-11,-1.5585446429735428,-0.5213511335544962,95,631.578947368421,34.03879368792421
2024-08-12,1.3659897512059374,-1.6860034954119048,60,1000.0,83.81969416660908
2024-08-13,0.10148434641741488,-0.7485071786234976,81,740.7407407407408,75.18874544328176
2024-08-14,-1.9186043231120324,-0.301776983521453,74,810.8108108108108,86.8134516923991
2024-08-15,0.8635162217307486,1.4523248116990581,96,625.0,58.882192193134756
2024-08-16,1.0936995101703357,-0.13694038078109916,78,769.2307692307693,35.20683696821483
2024-08-17,2.0964413461931217,-2.325734322904591,68,882.3529411764706,18.266003606402112
2024-08-18,-0.5122254436168143,0.41329520005299836,63,952.3809523809524,52.22902879272812
2024-08-19,-2.1023432870343846,1.09616349781282,60,1000.0,49.21215620664458
2024-08-20,-1.6385371372232642,-1.601250729755907,63,952.3809523809524,73.37406217701118
2024-08-21,-1.5568759685746043,-2.263429368103906,99,606.060606060606,11.337930658279017
2024-08-22,-2.3416020991622837,0.9938845897789319,95,631.578947368421,13.140133245860373
2024-08-23,-0.5308575182319246,0.6988578827764034,92,652.1739130434783,18.96302715081994
2024-08-24,-1.0071554197673038,-2.0302432982428593,84,714.2857142857143,72.18506374315822
2024-08-25,1.7146399780823733,-2.0241463746217487,83,722.8915662650602,73.32045005583964
2024-08-26,2.259860132425646,-2.3334467063054776,93,645.1612903225806,72.34739255259902
2024-08-27,1.3087394191451942,0.24723094022917635,94,638.2978723404256,95.5254227797908
2024-08-28,-1.5531235498588574,0.42479378700720893,82,731.7073170731708,43.80565911978661
2024-08-29,1.4568711142716366,-1.6841035952114303,80,750.0,41.6511617889315
2024-08-30,-2.058032393719276,2.4848828265192715,78,769.2307692307693,49.42717258800657
2024-08-31,2.0822435497737777,0.032561794444635694,81,740.7407407407408,10.48639744409784
2024-09-01,-0.9075878609519472,1.3288105286725194,99,606.060606060606,18.18131371903062
2024-09-02,-1.9507422926856814,1.7713834816549419,85,705.8823529411765,55.32495968401182
2024-09-03,0.2843428633727858,-1.3355144835600279,97,618.5567010309278,72.05451742197788
2024-09-04,0.26151072437744327,-1.7063265293126595,88,681.8181818181819,81.70094331718236
2024-09-05,1.3230882573905722,-2.0378127039631906,62,967.741935483871,37.30447600118225
2024-09-06,-0.22124698456628789,0.3895281834764486,94,638.2978723404256,59.59263048816765
2024-09-07,-1.5588017136381445,1.9817779744756852,74,810.8108108108108,67.7829452479518
2024-09-08,-1.686488053957934,-1.5217012920994182,97,618.5567010309278,11.825464142988139
2024-09-09,-0.7241641982263873,1.1289541516984167,61,983.6065573770492,43.65112378398827
2024-09-10,-0.938391348025573,-2.0303341589826953,68,882.3529411764706,79.91951065908191
2024-09-11,0.3484614440711207,2.2409650749441,65,923.0769230769231,48.43545745571232
2024-09-12,-1.441461047708204,1.7382526255958481,77,779.2207792207793,45.444691767385194
2024-09-13,-0.596192129709191,2.280952645725879,79,759.493670886076,96.07255054202965
2024-09-14,0.09621227890568651,-1.3796298557458537,85,705.8823529411765,53.38316208294061
2024-09-15,-1.6705786227775548,-2.314330124244832,64,937.5,84.82276115410178
2024-09-16,-0.5226535955683094,2.0753752682422952,75,800.0,55.22106325450871
2024-09-17,1.0129714517999018,2.357813073316998,99,606.060606060606,35.58025617090825
2024-09-18,0.08803577159010345,0.38865603150883166,63,952.3809523809524,24.57245795815382
2024-09-19,-0.7238909525650894,2.48078931734031,81,740.7407407407408,54.777067331189144
2024-09-20,-2.0650992751169928,-2.293493225526182,66,909.0909090909091,83.70900842974848
2024-09-21,1.1227459937224142,1.6312151156664143,84,714.2857142857143,18.77003750484311
2024-09-22,0.6187441289101332,0.6138079427541738,79,759.493670886076,75.53780083604715
2024-09-23,-0.9903833713065606,-1.5130057403396724,72,833.3333333333334,78.59597288530911
2024-09-24,0.26257096950296255,-1.0419999661605694,88,681.8181818181819,79.46247588888771
2024-09-25,0.30661067437590983,-1.6339017286596174,78,769.2307692307693,60.937432532792705
2024-09-26,-1.9481287399543294,0.15012643423848449,95,631.578947368421,21.75175616735055
2024-09-27,2.2355466258236314,-2.4675668824271284,82,731.7073170731708,59.228910905445595
2024-09-28,-1.04439737371304,-1.1573687903878298,89,674.1573033707865,78.23480115894286
2024-09-29,2.4003932957830107,-1.6519504471942192,71,845.0704225352113,42.85617605727223
2024-09-30,-0.4172669045387738,-1.6427640042958125,75,800.0,69.88576604455321
2024-10-01,-0.3968034926224102,0.04182156605645737,92,652.1739130434783,80.69367360221523
2024-10-02,-1.5225470827579646,0.31686600042301905,69,869.5652173913044,84.58889396695724
2024-10-03,-0.20666681796829556,0.11145013171583962,99,606.060606060606,57.27225629358617
2024-10-04,1.7430608985885723,2.1320162662448103,85,705.8823529411765,38.15280537256719
2024-10-05,-0.37413267686856555,0.9025878436686847,66,909.0909090909091,91.43775107257896
2024-10-06,-1.0290993586520396,0.9987819664016744,63,952.3809523809524,93.63778758333787
2024-10-07,2.1358183942821727,-0.618813657899141,93,645.1612903225806,78.95592354591626
2024-10-08,1.419655541066633,-0.19719481443916775,90,666.6666666666666,17.782530749721765
2024-10-09,-2.4818247945902066,0.0762471943419496,77,779.2207792207793,73.1358277128773
2024-10-10,-1.787448353638585,-0.21726111595605824,70,857.1428571428571,66.18622098960284
2024-10-11,-1.5578754556309649,1.4248015517765067,66,909.0909090909091,69.5528217546588
2024-10-12,-1.545059217522207,2.1791222173502467,64,937.5,18.61366549828482
2024-10-13,-0.39997758827593755,1.4478829434554559,83,722.8915662650602,59.35584328760378
2024-10-14,-1.6943109947677593,0.03869756032652871,77,779.2207792207793,37.27240277231237
2024-10-15,1.7446631148713552,0.5069507305618819,87,689.6551724137931,38.94005713966476
2024-10-16,0.31505784658230285,-1.6181304984638079,86,697.6744186046511,97.50601045636743
2024-10-17,-1.7356682335456064,-0.2847783621507416,98,612.2448979591836,36.51461832813395
2024-10-18,2.3383482673838154,2.339066052903047,73,821.917808219178,81.96055074708075
2024-10-19,-0.8754373645376239,-0.8175770014234733,70,857.1428571428571,92.63237255568254
2024-10-20,2.0764532510904763,-2.018610870573726,65,923.0769230769231,89.3566571108459
2024-10-21,2.2354063590264994,-2.3531861056475876,91,659.3406593406594,96.6387975465122
2024-10-22,1.9615634477864896,-0.1825549209569277,62,967.741935483871,68.52231552876032
2024-10-23,-1.7864305578072137,0.36192836936564543,97,618.5567010309278,49.76910787295186
2024-10-24,0.8921065287606513,-0.9850215306458372,74,810.8108108108108,21.497018566830793
2024-10-25,-0.7246759225895094,1.7157633121778613,66,909.0909090909091,14.310686731061875
2024-10-26,0.5716051515490688,-0.825178344133759,64,937.5,90.69441445993989
2024-10-27,0.6496670282161339,-2.109778019764307,86,697.6744186046511,77.44989618289766
2024-10-28,1.183247629224761,2.190280272281731,95,631.578947368421,42.86559238359265
2024-10-29,2.3764802836722234,1.1970098262749573,62,967.741935483871,48.79644414086178
2024-10-30,-0.02445181075888092,-2.294255373825221,86,697.6744186046511,74.96293171533408
2024-10-31,0.7461945356931787,1.5712505945880562,93,645.1612903225806,82.7047795539025
2024-11-01,2.2861454642230408,1.2249460321560002,86,697.6744186046511,64.5989610614873
2024-11-02,2.275381440463569,1.0132908681528758,73,821.917808219178,91.79423865729197
2024-11-03,1.5624212657064058,2.2628937358742025,61,983.6065573770492,11.40344655469527
2024-11-04,1.2507971230042516,-0.48559076370423515,67,895.5223880597015,84.36134435107412
2024-11-05,2.22284493379341,2.2062366159661755,86,697.6744186046511,54.60386769617249
2024-11-06,-0.7415746774670995,1.9944265075841168,85,705.8823529411765,88.79286765479688
2024-11-07,-0.4170578481379925,-1.5585081650757038,85,705.8823529411765,33.90323545552435
2024-11-08,-2.0949282130090054,2.2267574363011144,94,638.2978723404256,28.865535910687154
2024-11-09,-1.3817431004726544,-0.06268493876384529,66,909.0909090909091,24.08787083968914
2024-11-10,2.1953795204829216,-0.859794795370199,62,967.741935483871,85.25700245443726
2024-11-11,-2.257952961949508,1.187769986032169,61,983.6065573770492,64.81324122871796
2024-11-12,-1.740504067038069,1.8865336528403631,86,697.6744186046511,71.11553201716038
2024-11-13,-1.572422751031532,-0.025385135467315578,92,652.1739130434783,66.61973256014691
2024-11-14,-0.003953577802626285,-1.3646936133905156,92,652.1739130434783,25.43781695879114
2024-11-15,1.1814911556407477,-0.28134869866339507,87,689.6551724137931,15.927722322699463
2024-11-16,1.3883062283777314,-1.0861092897972053,70,857.1428571428571,33.59621746555615
2024-11-17,-2.0730659463824743,2.4570135768218613,89,674.1573033707865,61.48749415535627
2024-11-18,-0.22535961090098855,-0.16042347128053347,91,659.3406593406594,72.12776969910527
2024-11-19,-0.34695234035372646,1.1120242171733508,74,810.8108108108108,93.12356093403048
2024-11-20,1.0704441317177906,-1.1836633408593715,88,681.8181818181819,47.32493815751885
2024-11-21,-0.09601150423570015,0.3229549925827051,65,923.0769230769231,92.60126531195871
2024-11-22,0.8785397950570664,-1.0541660846287444,70,857.1428571428571,57.31044435334006
2024-11-23,-0.733224149582123,-2.08548321259433,81,740.7407407407408,16.24296445677328
2024-11-24,1.418922426249691,0.7571464035395592,88,681.8181818181819,23.150757378923004
2024-11-25,2.2307046877042973,-0.08008392924812657,93,645.1612903225806,84.45335439244516
2024-11-26,-0.4184781465226335,1.655503934584111,92,652.1739130434783,31.118666880231935
2024-11-27,-0.7444021087137971,0.21806330898121296,78,769.2307692307693,66.72322527988084
2024-11-28,-1.183312862104161,0.07246297628299114,83,722.8915662650602,90.38820946525674
2024-11-29,0.41157887912028235,-2.1509850597879856,80,750.0,99.34556320760099
2024-11-30,2.0104024463764976,-2.2352806916806918,72,833.3333333333334,82.67905256281544
2024-12-01,0.9441181719257035,1.5265988651562337,62,967.741935483871,27.1670286920856
2024-12-02,2.0684624619331498,-1.7154408974341717,69,869.5652173913044,66.88847735546405
2024-12-03,-1.4535097765566263,0.7071953840300238,82,731.7073170731708,57.88159638625666
2024-12-04,2.477289567725477,-1.757843613252903,93,645.1612903225806,69.35270577686515
2024-12-05,1.7532789157726958,-1.3165507363959883,89,674.1573033707865,66.61696898684976
2024-12-06,1.5531917255569843,-2.055647407989063,63,952.3809523809524,92.5738146394898
2024-12-07,1.031783873591242,1.8683038983713232,63,952.3809523809524,73.92176751903891
2024-12-08,-0.6211750310179387,0.6076397645617027,69,869.5652173913044,78.69573898087057
2024-12-09,-0.2698881768322803,0.8357378240026891,87,689.6551724137931,81.42584270812617
2024-12-10,1.1187331871228485,-0.8557681073446,70,857.1428571428571,32.32257585468537
2024-12-11,1.3001677121935402,1.1157714459905903,79,759.493670886076,78.43391741711343
2024-12-12,-0.22378559797015285,-1.2719535340493582,77,779.2207792207793,96.2347492137458
2024-12-13,-0.007372989885014114,-0.9043596951563804,90,666.6666666666666,24.07700039325819
2024-12-14,-2.327801151603557,-0.8000448325272997,63,952.3809523809524,27.250416165727646
2024-12-15,1.9907424549904302,1.8746560290571832,64,937.5,89.33245553435623
2024-12-16,2.264144033567187,0.09971024904441839,84,714.2857142857143,35.677124061591414
2024-12-17,-1.4218681889218776,-2.282301574649547,63,952.3809523809524,91.72419052429886
2024-12-18,1.0228514053999263,-1.1290782192932347,91,659.3406593406594,81.19490283075
2024-12-19,1.7103117524475877,-0.22299067597506594,84,714.2857142857143,45.04556552217448
2024-12-20,-2.14811027803521,0.1424202409843427,67,895.5223880597015,39.515389977861865
2024-12-21,-2.009265400296208,-2.198493258750765,69,869.5652173913044,59.631970004415756
2024-12-22,-1.7542552036420385,-0.09087426651123653,84,714.2857142857143,74.96873371641286
2024-12-23,2.307651630545662,1.1499238468062662,63,952.3809523809524,80.29800108222545
2024-12-24,-1.5755849860126159,-0.45782388555254183,94,638.2978723404256,56.272298658721375
2024-12-25,-1.6656187316038933,0.7388387416740883,96,625.0,42.10170394368983
2024-12-26,-1.8146605878989948,-0.009558720346992011,97,618.5567010309278,74.10528546967943
2024-12-27,-2.126398502609726,-0.835561138098015,87,689.6551724137931,22.595131169054476
2024-12-28,-1.9795952859390709,2.119203804386517,84,714.2857142857143,94.43545054226837
2024-12-29,-1.7557337940576083,1.1281803106146033,96,625.0,83.82108324877784
2024-12-30,-0.4706444843387332,0.957162797894648,78,769.2307692307693,85.2586860961847
2024-12-31,0.6736069309175887,2.079112890082089,64,937.5,45.20411167853974
